instagram_handle,caption,shortcode,city,state,likes,display_url
blackveiltattoo,"wickedness ğŸŒ‘ @mattwmurray .
.
 #blackveiltattoo #blacktattooart #tattooistartmag #darkartists #blackworkerssubmission #inkedmagazine  #blacktattooing #blxckink #tattoodo #tattoosnob #skinartmag #blackwork  #salemma #blackworkers  #darkartistries #salem #btattooing #onlythedarkest #witch #salemmassachusetts #blackworkartists #flashworkers #tattoosnob #inkpoisoning #inkjunkeyz #wickedwitchofthewest #wizardofoz",BnojeXFHq6C,Salem,Massachusetts,6621,https://instagram.fphl1-1.fna.fbcdn.net/vp/2e3b4607dde322dd5de6c7e663040903/5C1E7DB4/t51.2885-15/e35/40357547_501870010280322_230957001745686165_n.jpg
mattwmurray,"I feel lucky and grateful to have won tattoo of day Saturday.
Thank you to everyone who stopped by to visit us this past weekend during the @hell_city tattoo fest, special thanks to our friends @vitalitreetattoo for having us tattoo alongside them and to @durbmorrison for having us as well for hosting such an amazing weekend. Until next time Arizona ğŸ–¤ğŸ•· #blackveiltattoo #blacktattooart #tattooistartmag #darkartists #blackworkerssubmission #inkedmagazine  #blacktattooing #blxckink #tattoodo #tattoosnob #skinartmag #blackwork  #salemma #blackworkers  #darkartistries #salem #btattooing #onlythedarkest",Bm_h7bUg6d9,Phoenix,Arizona,5996,https://instagram.fphl1-1.fna.fbcdn.net/vp/f9c6491fe31c37edd44ab9ab04df70ba/5BFD4778/t51.2885-15/e35/40194119_2121073874578009_7995443433843982336_n.jpg
blackveiltattoo,"Scarce heard, beneath yon arching trees, 
The silver-crested ripples pass,
and, like a mimic brook, the breeze
Whispers among the grass. ğŸŒ‘ @mattwmurray .
.
#blackveiltattoo #blacktattooart #tattooistartmag #darkartists #blackworkerssubmission #inkedmagazine  #blacktattooing #blxckink #tattoodo #tattoosnob #skinartmag #blackwork  #salemma #blackworkers  #darkartistries #salem #btattooing #onlythedarkest #blackworkartists #flashworkers #tattoosnob #inkpoisoning #inkjunkeyz #blackhopecurse #salem",Bny65z8HlxD,Salem,Massachusetts,5820,https://instagram.fphl1-1.fna.fbcdn.net/vp/109b59b36c6abe20974d54e531a1bb6d/5C2319E2/t51.2885-15/e35/40849450_949212328584269_9107829114607145388_n.jpg
angeloparente,"#edwardscissorhands â„ï¸ and some familiar lyrics ğŸ˜‰#blackcaskettattoo .
.
.
.
. 
#blacktattoo #inkedmag #jetblacksupply #radtattoos #workhorseirons #blackclawneedle #blackworkers #blackwork #btattooing #blxckink #thebesttattooartists #eternalink #taot #blackworkerssubmission #darkartists #bishoprotary #onlythedarkest #onlyblackart #blacktattooart #blacktattooworld #d_world_of_ink #skinart_mag #theblackmasters #tttism #motionlessinwhite #timburton",BnZ9aGLgBTV,Scranton,Pennsylvania,5036,https://instagram.fphl1-1.fna.fbcdn.net/vp/6b6e8f814ffba3437f00653ed9d74295/5C33A8DD/t51.2885-15/e35/40337925_310270039778593_5838030207777891042_n.jpg
thiefhands,Some pups just canâ€™t catch a frisbee!,BnsUsv2hdhM,Portland,Oregon,4070,https://instagram.fphl1-1.fna.fbcdn.net/vp/8f8a8d718e51328d62e5f14105e10634/5C2463E0/t51.2885-15/e35/40382325_1115029831987432_1703528511578507654_n.jpg
moontattoostudio,"Gorgeous celestial piece by @mrdavidpoe .
.
.
.
.
.
.
.
.
.
#austintattoo #austintattooartist #onlythedarkest #tattoos #tattooartist #blackwork #blacktattooart #blacktattoomag #blackworkartists #blackworkerssubmission #btattooing #linework #dotwork #occultarcana #onlyblackart #blacktattooart #texastattooartist #blackworkers #atxtattoo #tattooistartmagazine #darkartists #tattoo #etchingtattoo #cloudtattoo #moontattoo #magicaltattoo #delicatetattoo",BnPET1dBQtw,Austin,Texas,3583,https://instagram.fphl1-1.fna.fbcdn.net/vp/130498cb361b0ba833418eb8b49b226b/5C154D6E/t51.2885-15/e35/40045800_463502880837044_8696018682188398592_n.jpg
evantattoo,"All my love, Dad 
#handwriting #evantattoo #evantattooinNYC #tattootrip
.
.
.
.
.
.
.
#finelinetattoo #tattoo #tattooed #inked #blackwork #blackworkers #tattooart #fashiontattoo #ë¬¸ì‹  #íƒ€íˆ¬ #NYC  #minimaltattoo #blackclawneedle #blacktattoo",BnrV1n5niLr,New York,New York,2845,https://instagram.fphl1-1.fna.fbcdn.net/vp/c9515e69b2857cfc2e7ae2595948a2c4/5C359159/t51.2885-15/e35/38760411_455734098280444_3036479171267310625_n.jpg?_nc_eui2=AeGVqHc8JFhCOH1RCnHYZDGMMxQqCBE4I4a9eIzcSP8rQxa-1RXHnAdmeXIpQTLRDm-OXU4lVW7kA4aZVf6KAoae
marlonb_tatts,"Add #neobuddhism for Milena 
#sanfrancisco #marlonb_tatts 
________________________________
â€”â€”â€”â€”â€”â€”â€”â€”â€”â€”â€”â€”â€”â€”
Shop @form8_tattoo",BnYBq_HgFsn,San Francisco,California,2686,https://instagram.fphl1-1.fna.fbcdn.net/vp/0dda91f933817ad409cbaee1d0603c56/5C2D23B6/t51.2885-15/e35/40381435_272769860224769_3526218552036156881_n.jpg
marlonb_tatts,"Add #neobuddhism for Milena 
#sanfrancisco #marlonb_tatts 
________________________________
â€”â€”â€”â€”â€”â€”â€”â€”â€”â€”â€”â€”â€”â€”
Shop @form8_tattoo",BnYBq_HgFsn,San Francisco,California,2682,https://instagram.fphl1-1.fna.fbcdn.net/vp/1efdec76a95a505a58bd5b3857264376/5C2D23B6/t51.2885-15/e35/40381435_272769860224769_3526218552036156881_n.jpg?_nc_eui2=AeHCcZz_zt2uyBmK8h9XO_L3eLuy_lpyfevnDvrH03GRbW6eoIqoGlL1xbc7Dnohw7Gj779dKZWxfMIFu1Y4chaf
marlonb_tatts,"Ğ”Ğ¾Ğ±Ğ°Ğ²Ğ¸Ğ»Ğ¸ #neobuddhism Ğ´Ğ»Ñ ĞœĞ¸Ğ»ĞµĞ½Ñ‹ 
#ÑĞ°Ğ½Ñ„Ñ€Ğ°Ğ½Ñ†Ğ¸ÑĞºĞ¾ #marlonb_tatts 
______________________________________________________â€”â€”â€”â€”â€”â€”â€”â€”â€”â€”â€”â€”â€”â€”â€”â€”â€”â€”â€”â€”â€”â€”â€”â€”
Shop @form8_tattoo",BnYFfB3AMh7,San Francisco,California,2458,https://instagram.fphl1-1.fna.fbcdn.net/vp/3bb838eefcdbf07b1fee018c8f0fbc79/5C242835/t51.2885-15/e35/39969383_729670910714180_1204143358926742146_n.jpg
savannahcolleen,"Two days in a row on Gabriela from Denver! Thanks so much for your toughness, lady! I really appreciate your dedication and trust. Have a safe trip home! ğŸ–¤ Made with love at @thetattoodojo #thetattoodojo #atlantatattoo #ornamentaltattoo #ornamental #mehndi #mehnditattoo #henna #hennatattoo #paisley #paisleytattoo #blackworkers #blackworkerstattoo #tttism #taot #blackndark #btattooing #blackwork #blackworktattoo #blxckink #tattoodo #floral #floraltattoo #flower #flowertattoo #blacktattooing",Bnpch7fFDBz,Atlanta,Georgia,2208,https://instagram.fphl1-1.fna.fbcdn.net/vp/6461580fdc1e565b39095c5d1476104e/5C22BB2F/t51.2885-15/e35/41027438_462215020957935_1842248248155215912_n.jpg?_nc_eui2=AeGKnqEIiLrti9AzD8B0eLUWMSv0UkBVaACe1yy1t2syjLZTV9Vc5dOuuFMxQEbh7tMHcvb9VHltK-zidiKAc2ly
evantattoo,"S for brother... #evantattoo #evantattooinNYC #tattootrip
.
.
.
.
.
.
.
#finelinetattoo #tattoo #tattooed #inked #blackwork #blackworkers #tattooart #fashiontattoo #ë¬¸ì‹  #íƒ€íˆ¬ #NYC  #minimaltattoo #blackclawneedle #blacktattoo",BnpPTAen8sb,New York,New York,2200,https://instagram.fphl1-1.fna.fbcdn.net/vp/68a3e8988946b667dd759edcee6dc257/5C307897/t51.2885-15/e35/40665139_230307330970708_6227700843155422553_n.jpg
inkbrambles,"Cute as heck potted bird of paradise, adapted from some images in Jim Harterâ€™s â€œPlantsâ€. Healed espresso machine from November (I think?) Thanks again, Jamie! @blackoaktattoo #blackworkers #blackworkerssubmission #blackink #btattooing #blackwork #houseplantsofinstagram",BnAKUEOnPk4,Chicago,Illinois,2071,https://instagram.fphl1-1.fna.fbcdn.net/vp/df72d9068ca72c5e83b497688b4f2ae5/5C34977A/t51.2885-15/e35/40187322_309002226317752_1664998098123299989_n.jpg
rachel.welsby,"For Beth ğŸ–¤ r.welsby.tattoo@gmail.com Done at @goldendaggers, Los Angeles",Bm_Z7aMH3BP,Los Angeles City Center,California,2004,https://instagram.fphl1-1.fna.fbcdn.net/vp/758132b5cca303d02065084fc1ea493c/5C397D06/t51.2885-15/e35/39044641_546390592456475_5829876736577241088_n.jpg
nothingwildtattoo,Photo by @alefruscella for the beautiful lingerie brand @mmadalynne,BnWV336Adyk,Brooklyn,New York,1883,https://instagram.fphl1-1.fna.fbcdn.net/vp/ed35d01f92dcdb339d6d4efbea357d11/5C31E4F2/t51.2885-15/e35/39881709_2144220695853185_5711870031366535370_n.jpg
inkbrambles,"All done! Arm fresh, chest healed. So pleased with this project. Thank you for the trust, Geoff! (To everyone asking - books opening up again SOON, keep an eye out for a form to be posted ğŸ™ğŸ») @blackoaktattoo #blackworkers #blackworkerssubmission #blackink #btattooing #blackwork #birds #botanical",BnZvL_4Hqpf,Chicago,Illinois,1707,https://instagram.fphl1-1.fna.fbcdn.net/vp/bdb4b621eaec4d18404df23107e644a6/5C1D10EF/t51.2885-15/e35/40447649_106308946931199_7218828392158924454_n.jpg
lindseydreadfuls,"True fact: my first dream job was to be a National Geographic photographer in space ğŸ˜‚ it could still happen! But until then more space pieces please ğŸ˜ğŸ‘©ğŸ»â€ğŸš€ğŸ˜
.
.
.
.
.
.
.
.
.
. .
.
.
.
#tattoo#tattoos#tattooartist#blackwork#tattooist#tattooflash#tattooer#blackworkers#flowertattoo#blackworktattoo#darkartists#tattoodo#tattooideas#lineworktattoo#linetattoo#finelinetattoo#botanicalart#queerart#dotworkers#radtattoos#floraltattoo#queerartist#blackbotanists#portlandtattoo#lineworkers#pdxtattoo#portlandtattooartist#illustrativetattoo#qttr#linesanddots",Bno2YNyh_Ly,Gresham,Oregon,1689,https://instagram.fphl1-1.fna.fbcdn.net/vp/d8180a4db7cd0b974f9f33e64b306678/5C207684/t51.2885-15/e35/40412271_2234866236584576_4512347716381568501_n.jpg
kirknilsentattoos,"â€¢ Healed sleeve â€¢ Thank you for making the trips from Boston, MA â€¢ Books are opening on September 15th for 2019 appointments â€¢ www.kirknilsen.com â€¢ @crownandanchortattoo â€¢ Point Pleasant Beach, NJ",BnCh9L3lafr,New York,New York,1609,https://instagram.fphl1-1.fna.fbcdn.net/vp/8e765f9d8aa576ded58528e147774795/5C2C69C9/t51.2885-15/e35/39539731_2155987984689862_5522405220472061952_n.jpg
justin__wild,A favorite from a while ago. Tattooed @allsacredtattoo,BnTx_LvHLeV,Denver,Colorado,1571,https://instagram.fphl1-1.fna.fbcdn.net/vp/124181ce49785bac14786a7d200b4e20/5C24BB6E/t51.2885-15/e35/39913484_243285043002360_3831965316407942396_n.jpg
ellementaltattoos,"Whole leg and foot in one day! This girl was a champ!!ğŸ‘ğŸ»ğŸ’ªğŸ»ğŸ˜˜â¤ï¸loved doing this thank you so much for letting me do this project

#ellementaltattoos #dotworkers #dotwork #linework #lineworktattoo #blckink #onlyblackart #blvckink #blackwork #blackworkers #blackworktattoo #blackworkartists #blackworkerssubmission #berlin #berlintattoo #berlintattooists #berlintattooartist #ornament #ornamenttattoo #ornamentaltattoo #mandala #mandalatattoo #mehinditattoo #hennatattoo #paisleytattoo #tattoosleeve #taot #txttooing #blackworkers_tattoo #tttism",Bnob9iFn8hH,Oakland,California,1536,https://instagram.fphl1-1.fna.fbcdn.net/vp/d937289e4ea8acb5557da98ce2085fb0/5C39788F/t51.2885-15/e35/40363957_222440261964338_1646760343958729059_n.jpg?_nc_eui2=AeFsAv5z6eK7JppALWpgUZropDteXE82xZxvP7SQ-80Lgu8rK6Svigy_rTfEN9zuiHcnpVQoI2zxkgwGsmm7Bw5c
ellementaltattoos,"Whole leg and foot in one day! This girl was a champ!!ğŸ‘ğŸ»ğŸ’ªğŸ»ğŸ˜˜â¤ï¸loved doing this thank you so much for letting me do this project

#ellementaltattoos #dotworkers #dotwork #linework #lineworktattoo #blckink #onlyblackart #blvckink #blackwork #blackworkers #blackworktattoo #blackworkartists #blackworkerssubmission #berlin #berlintattoo #berlintattooists #berlintattooartist #ornament #ornamenttattoo #ornamentaltattoo #mandala #mandalatattoo #mehinditattoo #hennatattoo #paisleytattoo #tattoosleeve #taot #txttooing #blackworkers_tattoo #tttism",Bnob9iFn8hH,Oakland,California,1483,https://instagram.fphl1-1.fna.fbcdn.net/vp/c19968a66a426466f412919718a16112/5C39788F/t51.2885-15/e35/40363957_222440261964338_1646760343958729059_n.jpg
lindseydreadfuls,"True fact: my first dream job was to be a National Geographic photographer in space ğŸ˜‚ it could still happen! But until then more space pieces please ğŸ˜ğŸ‘©ğŸ»â€ğŸš€ğŸ˜
.
.
.
.
.
.
.
.
.
. .
.
.
.
#tattoo#tattoos#tattooartist#blackwork#tattooist#tattooflash#tattooer#blackworkers#flowertattoo#blackworktattoo#darkartists#tattoodo#tattooideas#lineworktattoo#linetattoo#finelinetattoo#botanicalart#queerart#dotworkers#radtattoos#floraltattoo#queerartist#blackbotanists#portlandtattoo#lineworkers#pdxtattoo#portlandtattooartist#illustrativetattoo#qttr#linesanddots",Bno2YNyh_Ly,Gresham,Oregon,1470,https://instagram.fphl1-1.fna.fbcdn.net/vp/d8180a4db7cd0b974f9f33e64b306678/5C207684/t51.2885-15/e35/40412271_2234866236584576_4512347716381568501_n.jpg
danielsilvatattoos,"â•â•â•â•â•â•â•â•â•
Another angle of one of my favorites ğŸ˜Œ
_______________________________________________
Books open !!!! Email DanielSilvaTattoos@Gmail.com with all questions and inquiries. Everyone will get a response but please be patient. Thank you.
_______________________________________________
Made with @bishoprotary @tatsoul @saniderm 
_______________________________________________",BnbnkyPlmL2,Los Angeles,California,1460,https://instagram.fphl1-1.fna.fbcdn.net/vp/f043fa3c3878f6b7a82539fe4fa444f4/5C26B173/t51.2885-15/e35/39974261_1855392217884521_4376291530394600166_n.jpg
meganchuntz,"Last one before the storm hits!
.
.
.
.
#nctattooers #eastcoastattooers #durham #bullcity #raleigh #chapelhill #bullcityartist #ncartist #tattooedcarolina #blackclaw #stencilstuff #bishoprotary #libertytattoosupply #eternalink #wolftattoo #wildflowertattoo #blackandgreytattoo #blackwork #blackworkers #finelinetattoo #tattoosnob",BnpWvlvgnp3,Durham,North Carolina,1286,https://instagram.fphl1-1.fna.fbcdn.net/vp/ffd4eaaa54f35f3f2f4be75d60c5071e/5C3985C8/t51.2885-15/e35/40373975_1832225643562017_3423571974510868354_n.jpg
jameznicholson,âœ âœ˜ à¥,Bnq84vsHALY,New York,New York,1273,https://instagram.fphl1-1.fna.fbcdn.net/vp/e9a2a97cd842c892edd170a3379acb7c/5C24FCDC/t51.2885-15/e35/41450504_1101405073318058_6552262292876378578_n.jpg
marisalarentattoos,Scales on scales on scales ğŸŒ™,BnZ2XDBlF1p,Las Vegas,Nevada,1260,https://instagram.fphl1-1.fna.fbcdn.net/vp/ed4cabc2220c41508a34f9610691c425/5C1A425A/t51.2885-15/e35/40617462_1060254040804057_6733707764704294897_n.jpg
tattoosbylandon,â•pit waspâ• @trilogytattoogallery â• on one of my fav people @ashbeaubash â•#blackworkerssubmission â•,Bnw16EdjBaa,Riverview,Florida,1241,https://instagram.fphl1-1.fna.fbcdn.net/vp/da21b84ec3a98817295a25dbc4773b21/5C3C924E/t51.2885-15/e35/41516220_916940288497028_4598941180128560864_n.jpg
nico_bassill,For my new friend Angelo. Thanks again! Done @amongthewillows My books are open. Click the link in my bio to schedule an appointment.,BnoehbVHMTa,Los Angeles City Center,California,1229,https://instagram.fphl1-1.fna.fbcdn.net/vp/b9f02ad43982783acb8774dee1f31adb/5C32C2CA/t51.2885-15/e35/40625397_689916164721306_8325599442014900561_n.jpg
alvin_aldridge,Aliens on vacation. Thanks Justin. #roselandtattoo,BnPAARCgJLl,Fullerton,California,1146,https://instagram.fphl1-1.fna.fbcdn.net/vp/575f6ad5736775f61c3d9688ef7648a9/5C2F5508/t51.2885-15/e35/40019238_681561975540691_2330325009995661312_n.jpg
meia.work,âš¡ï¸âœğŸ»custom pen âš¡ï¸#tattoos #blackwork  #inked #darkartists #blackworktattoo #tattooaddict #flashtattoo  #blxckink #linework #flash #flashaddicted  #handtattoo #artistsofinstagram #tattoo #blackworkers #stickandpoke #inkstinctsubmission,BnZweusBxnN,New York,New York,1128,https://instagram.fphl1-1.fna.fbcdn.net/vp/ee24ced8f7b2e22200f70547395ef834/5C158E00/t51.2885-15/e35/40197947_267434133878116_4722652532612243278_n.jpg
savannahcolleen,One session on Michelle! Girl is tough as NAILS!! Thanks so much for hanging in there are sitting like a dream. Made with love at @thetattoodojo. ğŸ–¤#thetattoodojo #atlantatattoo #ornamentaltattoo #ornamental #mehndi #mehnditattoo #henna #hennatattoo #underboob #underboobtattoo #stomachtattoo #paisley #paisleytattoo #blackworkers #blackworkerstattoo #tttism #taot #blackndark #btattooing #blackwork #blackworktattoo #blxckink #tattoodo #floral #floraltattoo #flower #flowertattoo #blacktattooing,BnaAC3ulgTU,Atlanta,Georgia,1117,https://instagram.fphl1-1.fna.fbcdn.net/vp/39fb968ef1a7e7aeda657b6f88692200/5C224840/t51.2885-15/e35/40406002_287242542096116_6895711909076217973_n.jpg
inkbrambles,"Small world! Ran into one of my LA clients yesterday and got to see this piece all healed up - done in January @thistleandsnowstudio. Healed photo opportunities are SO valuable for tattooers - no filters or adjustments needed on these photos. Thank you again, @dariosolari! P.S. Darioâ€™s photography is beautiful and Iâ€™m a big fan, I recommend having a peek ğŸ‘€ 
#blackworkers #blackworkerssubmission #blackink #btattooing #blackwork",BnMB12XngXO,Los Angeles City Center,California,1026,https://instagram.fnyc1-1.fna.fbcdn.net/vp/8239292bc0e5ef2e10e3e3c538de9ba0/5C2EA9C0/t51.2885-15/e35/39595521_550517312035731_6163480436116589424_n.jpg
angeloparente,"Making more progress on this sleeve. Shading is fresh. Outline is healed. #blackcaskettattoo .
.
.
.
. 
#blacktattoo #inkedmag #jetblacksupply #radtattoos #workhorseirons #blackclawneedle #blackworkers #blackwork #btattooing #blxckink #thebesttattooartists #eternalink #taot #blackworkerssubmission #darkartists #bishoprotary #darkartist #onlythedarkest #onlyblackart #blacktattooart #blacktattooworld #d_world_of_ink #skinart_mag #theblackmasters #tttism #roses #rosestattoo",BnCwZGUAAgH,Scranton,Pennsylvania,1022,https://instagram.fphl1-1.fna.fbcdn.net/vp/b34ac69c1f011af6f92c5702ac5a81ba/5C2D3DD5/t51.2885-15/e35/39245152_314442482647860_5193771245153288192_n.jpg
lillyanchor,Thanks Hannah âœ¨ done at @thistleandsnowstudio âœ¨ to book an appointment in Los Angeles email me at lillyanchor@Gmail.com âœ¨ #botanical #botanicaltattoo #linework #blacktattoo #nyctattoo #newyorktattoo #losangelestattoo #latattoo #londontattoo #vegantattoo #veganink #btattooing #blacktattooart #darkartists #blackworkerssubmission #tttism #blackworkers #flowertattoo #inkstinctsubmission #tattoodo #bonetattoo #poppytattoo #californiapoppy #lavendertattoo,Bnzdu9Enwdv,Los Angeles City Center,California,1010,https://instagram.fphl1-1.fna.fbcdn.net/vp/4d4c6d3334a5d87d29a1bac9455b9a3e/5C1FE7F0/t51.2885-15/e35/40678523_686899421683080_7609862478509539389_n.jpg
melissascrooge,"Better pic later, Thanks Marcel for your trust! Butterfly not by me 
#inked#tattoo #ink#blackworktattoo#darkwork #blackworker#onlythedarkest #blackworkerssubmission#darkartist #blacktattooart #occultarcana #cheyenne #staycoldapparel  @blackworkers_tattoo @onlythedarkest @darkartists @blackworkers @theartoftattoos  @blackworkershero @blacktattooing @thedarkestwork @darkartistries @onlyblackart @dark_neotrad_tattoos @der_grimm_tattoo @feelfarbig @ink_poisoning_ @artesobscurae @blxckink @cheyenne_tattooequipment @staycoldapparel @skinart_mag",Bnyso2DB0ka,Montebello,California,1006,https://instagram.fphl1-1.fna.fbcdn.net/vp/220c63a36b534d39bd46f236ce676a5c/5C1CC1B9/t51.2885-15/e35/41939918_256072088383665_8601553145120326862_n.jpg
nothingwildtattoo,"For you Arielle, for every time you think of her, remember that she is right here, with you âœ¨",BnOeOlBgFq8,Brooklyn,New York,1006,https://instagram.fphl1-1.fna.fbcdn.net/vp/d27a6cc3043186ab3d5a2674d61a8a47/5C2B8210/t51.2885-15/e35/39687785_1963721057075580_2380047820611649536_n.jpg
tinapoe,"The restorative properties of nature that heal and renew for Sarah. Thank you for getting this with me at @moontattoostudio .
.
.
.
.
.
.
.
.
.
#austintattoo #austintattooartist #onlythedarkest #tattoos #tattooartist #blackwork #blacktattooart #blacktattoomag #blackworkartists #blackworkerssubmission #btattooing #linework #dotwork #occultarcana #onlyblackart #blacktattooart #texastattooartist #blackworkers #atxtattoo #tattooistartmagazine #darkartists #tattoo #etchingtattoo #botanicaltattoo #floraltattoo #magicaltattoo #delicatetattoo",BnOlX7Dhxcf,Austin,Texas,983,https://instagram.fphl1-1.fna.fbcdn.net/vp/8e32e0d2e374e8afd7141af1ed2926ca/5C2484CB/t51.2885-15/e35/40473985_2163947090528012_6554974800777838592_n.jpg
zachdonn,Adam and I started with a small cover up on his upper arm. It quickly became a full sleeve. One more session and itâ€™s complete. Thanks dude for everything! ğŸ¤“ @allsacredtattoo || #tattooartmagazine #darkartist #blacktattoomag #btattooing #blackworkerssubmission #tattooartistmag #equilattera  #tattoodo #onlyblackart #blackinkdaily #skinart_mag #ornamentalika #zachdonn #tttism #geometrip #sutra #sacredgeometrytattoo #d_world_of_ink,Bm_9nSDAI4m,Denver,Colorado,931,https://instagram.fphl1-1.fna.fbcdn.net/vp/c01a17e5ce3f221360e09e16652b4f7d/5C00BBB7/t51.2885-15/e35/39605499_253162702196820_4027668138022666240_n.jpg
meganchuntz,"Last one before the storm hits!
.
.
.
.
#nctattooers #eastcoastattooers #durham #bullcity #raleigh #chapelhill #bullcityartist #ncartist #tattooedcarolina #blackclaw #stencilstuff #bishoprotary #libertytattoosupply #eternalink #wolftattoo #wildflowertattoo #blackandgreytattoo #blackwork #blackworkers #finelinetattoo #tattoosnob",BnpWvlvgnp3,Durham,North Carolina,900,https://instagram.fphl1-1.fna.fbcdn.net/vp/ffd4eaaa54f35f3f2f4be75d60c5071e/5C3985C8/t51.2885-15/e35/40373975_1832225643562017_3423571974510868354_n.jpg
blackveiltattoo,"with a magic like thee ğŸŒ‘ @ryanmrray 
#blackveiltattoo #blacktattooart #tattooistartmag #darkartists #blackworkerssubmission #inkedmagazine  #blacktattooing #blxckink #tattoodo #tattoosnob #skinartmag #blackwork  #salemma #blackworkers  #darkartistries #salem #btattooing #onlythedarkest #thedarkestwork #inkjunkeyz #inkpoisoning #tttism #iblackwork #skinartmag #btattooing",BnZP-9uHKJ0,New Orleans,Louisiana,860,https://instagram.fphl1-1.fna.fbcdn.net/vp/1471d54186094bdb02ef3f3b227fe264/5C2AE56E/t51.2885-15/e35/40377591_2284111695155337_796313818591963602_n.jpg
anniemesstattoos,"Dear âœ¨
.
.
.
.
.
#tattoos #tattoo #austin #texas #austintattoo #goldenagetattoo #blxckink #blackworkers #blackwork #blackworkerssubmission #blackworkartists #btattooing #darkartists #blackwork #blacktattoo #blackworkers_tattoo #onlyblackart #512tattoo",Bno5hIkgCVT,Austin,Texas,826,https://instagram.fphl1-1.fna.fbcdn.net/vp/e44791516e52ace04dc93e9b86ff61d8/5C35BAF3/t51.2885-15/e35/40791575_1935214869894310_7497390007447610814_n.jpg
the.best.tattoo.page,"So awesome to see a different ğŸ¦‡!
TATTOO BY @alexanderyanitskiy!!
#Batman
________________________________________
Follow @the.best.tattoo.page
#tattoolife #tattooaddict #beautifultattoos #art
#tattooofthedayÂ  #inkedlife
#blackwork #australiatattoosÂ  #colortattoos .#batmantattoos Â #blackandgreyÂ  #Ñ‚Ğ°Ñ‚ÑƒĞ¸Ñ€Ğ¾Ğ²ĞºĞ° #Ñ‚Ğ°Ñ‚ÑƒĞ¼Ğ°ÑÑ‚ĞµÑ€
#tatovering. * #tatuering *
* #ã‚¿ãƒˆã‚¥ãƒ¼ *#tattooitalia. 
#veroÂ  #tatuering #tatuador #tatuage #tatuaggioÂ  #å…¥ã‚Œå¢¨Â  #ÙˆØ´Ù… #amazingtattoos. * #greecetattoos #realismo. *",BnrasC6HMod,Universal City,California,799,https://instagram.fphl1-1.fna.fbcdn.net/vp/9b13f99349a87305d86e96bc3d402935/5B9D06FF/t51.2885-15/e35/40819694_476556926196979_5665711809805009034_n.jpg?_nc_eui2=AeG8wogxePui4g3gqosGq9BA5DLvCmh_RuZ0O5ClUMng3W_p9rclaxguoZxUMDbshhnXQJsjUYePhIEYs96eIIYz
the.best.tattoo.page,"Awesome TATTOO BY @tibitattooart!
________________________________________
Follow @the.best.tattoo.page
#tattoolife #tattooaddict #beautifultattoos #art
#tattooofthedayÂ  #inkedlife
#blackwork #australiatattoosÂ  #colortattoos .#indiatattoos
Â #blackandgreyÂ  #Ñ‚Ğ°Ñ‚ÑƒĞ¸Ñ€Ğ¾Ğ²ĞºĞ° #Ñ‚Ğ°Ñ‚ÑƒĞ¼Ğ°ÑÑ‚ĞµÑ€
#tatovering. * #tatuering *
* #ã‚¿ãƒˆã‚¥ãƒ¼ *#tattooitalia. 
#veroÂ  #tatuering #tatuador #tatuage #tatuaggioÂ  #å…¥ã‚Œå¢¨Â  #ÙˆØ´Ù… #amazingtattoos. * #greecetattoos #realismo. *",BnDHsQSHjdD,Miami,Florida,773,https://instagram.fphl1-1.fna.fbcdn.net/vp/3768ddc0d931c83b4b1449137625c155/5B88B18D/t51.2885-15/e35/39933855_295225644625616_4980334705099407360_n.jpg?_nc_eui2=AeFj1Oxxf6pr1BRzcwhvtsldr2PKhPFByNnRs29je_iL7fMF9LfYONdyz52W2bMpuMhSc3N4omp-GmWLRNR3IupW
nothingwildtattoo,"Work your magic, queen! âœ¨. Words by @cleowade on the beautiful Anjelin",BnREukhgVBP,Brooklyn,New York,753,https://instagram.fphl1-1.fna.fbcdn.net/vp/87869325e88abe763b4280adedd53c44/5C1811CA/t51.2885-15/e35/39972264_456151418125845_3477374435315417088_n.jpg
mattmatiktattoo,Nice little neck piece for ChrisÂ¥Â¥Â¥Â¥Â¥Â¥Â¥,Bm_cDb4B3VU,San Francisco,California,735,https://instagram.fphl1-1.fna.fbcdn.net/vp/7b05a123608c034c4cbf03024cf19912/5C20816F/t51.2885-15/e35/37178234_564645273951444_6201180726650470400_n.jpg
lustandconsume,From my flash books. Thanks Scarlett. ğŸ”ªğŸğŸ–¤,BnrjajplwBv,Los Angeles City Center,California,727,https://instagram.fphl1-1.fna.fbcdn.net/vp/d135f2132ef935e45f8a287ba82d36ca/5C1DE420/t51.2885-15/e35/40524573_268678970430707_5329665588695242448_n.jpg
meia.work,ğŸŒ¹Minimal rose from my flash book ğŸŒ¹ #tattoos #blackwork  #inked #darkartists #blackworktattoo #tattooaddict #flashtattoo  #blxckink #linework #flash #flashaddicted  #dotworktattoo #dotwork #artistsofinstagram #tattoo #blackworkers #stickandpoke #inkstinctsubmission #rosetattoo #rose #dotworker #blxckink#minimaltattoo #minimaltattoos,BnCqs7UBXRr,New York,New York,707,https://instagram.fphl1-1.fna.fbcdn.net/vp/3e44eb7d400e917d07f04328f1021584/5C145DFB/t51.2885-15/e35/40023080_455054388338510_7052986407756759040_n.jpg
cole_tattoo,"Knocked out this rose earlier today. Stoked how it came out, sometimes simplicity is just enough ğŸ‘ŒğŸ¼ğŸ˜¬",Bm__dqpFK9u,Kennesaw,Georgia,700,https://instagram.fphl1-1.fna.fbcdn.net/vp/4515aa01ae51bf947d4d9796b3c209d0/5C328519/t51.2885-15/e35/39946884_464800480705698_3417710514870943744_n.jpg
allsacredtattoo,Sleeve in progress by @justin__wild made @allsacredtattoo,BnY4aKNHkCG,Denver,Colorado,689,https://instagram.fphl1-1.fna.fbcdn.net/vp/325f43dc395f739feb1bd89baf45b9b1/5C161158/t51.2885-15/e35/39986046_2078049932206732_6131172135972167150_n.jpg
victoriado,"barley, fern, lavender, lily, and sage for cayla ğŸŒ¾ğŸŒ¸ğŸŒ¿ ________________________________________________________  #bangbangtattoo #bangbangnyc #bangbangforever #art #blackwork #bw #tattoo #floral #inked #ink #illustration #iblackwork #sketch #blackworkers #blackworkerssubmission #blackandwhiteonly #blackworktattoo #tattooing #tattoodo #darkartists #inkstinctsubmission #tattrx #equillatera #taot #btattooing #blacktattoonow #tattooideas #linkforink #thinkbeforeuink #theartoftattoos",Bm__TTanKul,New York,New York,689,https://instagram.fphl1-1.fna.fbcdn.net/vp/399cee381beb944538935ed692fe5b4c/5C14866A/t51.2885-15/e35/39312152_2150866898515188_6480298296806749945_n.jpg
inigo.montoya,Started this squid life.  #Squidtattoo#piratetattoo#sleevetattoo #inkedgirls#tatuajes#tatuaje#tattoo#blackwork#blackworktattoo#realismtattoo#inkedup#tatted#tattoosofinstagram#tattooist#customtattoo#tattoos#inked#inkedup#chickswithtattoos#beardsandtattoos#girlswithtattoos#guyswithtattoos#neotraditional#blackandgrey#blackandgreytattoo#bnginksociety#inked#inkedgirls#ink#inkedlife#tats#inkmaster#inkmasterseason11 @paramountnetwork,BnSJjv7AsVo,Lockport,New York,651,https://instagram.fphl1-1.fna.fbcdn.net/vp/1ef30f18f0379dae836ed56596e33125/5C3518EC/t51.2885-15/e35/40585902_633370590389963_2641209869754957824_n.jpg
black_casket,"First time trying my @dankubin V6 Sidewinder.. kind of hard to get used to, but I think Iâ€™m gonna love it once I do!
.
Did this on my life partner ğŸ‘¬@dr._clouds .
.
.
.
.
.
#blackcaskettattoo #blacktattoo #inkedmag #topclasstattooing #workhorseirons #blackclawneedle #blackworkers #blackwork #btattooing #blxckink #thebesttattooartists #blackworkerssubmission #darkartists #darkartist #blkttt #tttism #blacktattooart #blacktattooworld #taot",BnC20NSHQlc,Scranton,Pennsylvania,649,https://instagram.fphl1-1.fna.fbcdn.net/vp/c7f666ede279b3c099a71dbe2594c6f5/5C38DEF0/t51.2885-15/e35/39779052_282933922435507_1837384642701819904_n.jpg
allsacredtattoo,Healed tattoo by @ariesrhysing made @allsacredtattoo,BnTvvl5HLif,Denver,Colorado,624,https://instagram.fphl1-1.fna.fbcdn.net/vp/237b20dfd71b23b01700bbb1eabe37ae/5C265A7F/t51.2885-15/e35/40471502_331889994053027_3894500130094579712_n.jpg
aquarianttt,"Healed , still in progress to @sashaanna ğŸ§¡
.
.
.
#freehand #tattoo #bw #tttism #blackwork",BnPb17OH-aR,Atlanta,Georgia,618,https://instagram.fphl1-1.fna.fbcdn.net/vp/faa3fad77d1acb88a01e1dc59b8c23ab/5C1BD3B9/t51.2885-15/e35/39699103_2212693148975170_433419293166665728_n.jpg
justin__wild,Design available to be tattooed. DM me if youâ€™d like to have it! ğŸ’âš¡ï¸,BnSJcUyHc3Q,Denver,Colorado,606,https://instagram.fphl1-1.fna.fbcdn.net/vp/d3441f81d05e03cb03dd9897116b93e0/5C1691B7/t51.2885-15/e35/38002874_324669381611922_6541362682868319694_n.jpg
lillyanchor,Thanks Marissa âœ¨ done at @thistleandsnowstudio âœ¨ to book an appointment in Los Angeles email me at lillyanchor@Gmail.com âœ¨ #botanical #botanicaltattoo #linework #blacktattoo #nyctattoo #newyorktattoo #losangelestattoo #latattoo #londontattoo #vegantattoo #veganink #btattooing #blacktattooart #darkartists #blackworkerssubmission #tttism #blackworkers #flowertattoo #inkstinctsubmission #tattoodo #poppytattoo #californiapoppy thightattoo,BnaCmgzHTUq,Los Angeles City Center,California,606,https://instagram.fphl1-1.fna.fbcdn.net/vp/9454808669b435c7900935a16359a6f1/5C1EB873/t51.2885-15/e35/40232249_247085549327314_5114366037816862082_n.jpg
noxttt,â˜€ï¸ Only subsequently would come 'an enantiodromia; the nigredo gives way to the albedo ...the ever deepening descent into the unconscious suddenly becomes illumination from above',BnPDDVpjz42,Chicago,Illinois,605,https://instagram.fphl1-1.fna.fbcdn.net/vp/0ecfbea0a6ff207ada056a3db01fe336/5C2FF992/t51.2885-15/e35/39604619_293467191447302_6094697964712755200_n.jpg
inkbrambles,"Woody nightshade, based on an old botanical illustration. Thank you, Caroline! @blackoaktattoo #blackworkers #blackworkerssubmission #blackink #btattooing #blackwork #botanical",BnDCKEtno2u,Chicago,Illinois,594,https://instagram.fphl1-1.fna.fbcdn.net/vp/6a81df11790a3ff81893a7c4865652f2/5C383478/t51.2885-15/e35/39238021_523305718091535_3110264001480361944_n.jpg
fleurnoiretattoo,"By Andres @sticksanddots @abctattoo â•â•â•â•â•â•â•â•â•â•â•â•â•â•â•â•â•â•â•â•â•â•â•â•â•â•â•â•â•â•â•â•â•â•â•â•â•â•â•â•â•â•â•â•â•â•â•â•â•â•â•
#blackworkerssubmission #tttism #tattooartistmagazine #blxckink #inkedmag #darkartists #blacktattooart #tattoodo #radtattoos #equilattera #tattoo2me #btattooing #skinartmag #inkjunkeyz #thebesttattooartists #tattooistartmagazine #TAOT #brooklyn #williamsburg #bushwick #madeinbrooklyn #nyctattoo ##brooklyntattoo #onlyblackart #womanfacetattoo #finelinetattoo #buddha #buddhatattoo #namaste",BnUveXjFtg_,Brooklyn,New York,592,https://instagram.fphl1-1.fna.fbcdn.net/vp/02ed41a774697bdb2f5db4866e55d876/5C3A3A59/t51.2885-15/e35/40047820_547585655694382_7770169564490366976_n.jpg
tony_nos,ğŸ•Š @lakesidetattooco ğŸ•Š available to be tattooed upon your skin should you request that of me...ğŸ¥€,Bm_9uLFHCgs,Henrico,Virginia,562,https://instagram.fphl1-1.fna.fbcdn.net/vp/4ff7d3dbac045b11b8f4ee767c159176/5C23D08E/t51.2885-15/e35/37142089_2199172460366573_2571250444550537216_n.jpg
bayleyalexandra,In love w/ dis shot ğŸ–¤ by my best friend @danlippittphoto #reunitedin4days,Bnpa0eplgCU,New York,New York,561,https://instagram.fphl1-1.fna.fbcdn.net/vp/d39a28c55b4447b5e026597d304c57fc/5C2957C7/t51.2885-15/e35/40597617_321740311716095_3787890292959477760_n.jpg?_nc_eui2=AeE4-OvvfCz6kJ30w3NgC4zODjaX8es6Xf_93LKomHEeVYB9Hy9nanKTyVLEdtTrOxjmNV-4fVCyYR6fekLFhDiY
jackpoohvis,#inked #tattoo #blackwork #blackink #blackworkers #darkartists #btattooing #blacktattooart #blacktattoo #blacktattoomag #tattrx #tttism #equilattera #thinkbeforeuink #whickinkilike #tattootalents #blxckink #jackpoohvistattoo #nyc #brooklyn #williamsburg #spektraxion,BnpDqi1l6kn,Brooklyn,New York,519,https://instagram.fphl1-1.fna.fbcdn.net/vp/e7e21ab39909a235111e55000e918ae5/5C35EB2E/t51.2885-15/e35/40279122_237390160280267_3152278562826937848_n.jpg
inkanddaggertattoo,"@eddiestaceyâ€™s client and clientâ€™s wife were the reference for these awesome chaotic blackwork portraits! Eddie is currently scheduling consultations for new chaotic blackwork projects, so email us if you would like to get on his books! [link in bio]",Bnta40zh2AU,Roswell,Georgia,508,https://instagram.fphl1-1.fna.fbcdn.net/vp/c136e9349ac07528a2adf8016a547f3b/5C369688/t51.2885-15/e35/41445638_502245300202695_9068566962457828670_n.jpg
onewhomakestiles,"Thank you Sophia for coming in yesterday ğŸ™ŒğŸ¼ Email: Tylerrosenfeld@yahoo.com for inquiries â•
â•
â•
â•
â•
â•
#mandalatattoo #blackwork #sacredgeometrytattoo #sanluisobispo #dotwork #dotworktattoo #tattoos #linework #tattoo #mandala #geometrictattoos #arizona #sandiego #sanjose #geometrictattoo #stippling 
#bayarea #lasvegas #fresno #visalia #tulare",BnbfObNA4xM,Tulare,California,499,https://instagram.fphl1-1.fna.fbcdn.net/vp/ed2f147aaa05cf9375d87bb76a886ca4/5C23B793/t51.2885-15/e35/39981236_928357584021311_8939643089620124589_n.jpg
2anthony7,#starwars #xwing #tattoo #tattoos #tattooartist #blackwork #blackworkers #blackworkerssubmission #az #arizona #aztattoo #phx #phoenix #phoenixtattoo #dtphx #downtownphoenix #27 #27tattoo #27tattoostudio #27tattoostudio_phx #lefty #tatsoul #blackclaw #tattoosnob #art #artwork #artlife #aztattooartist,BnPGgnXlIxc,Phoenix,Arizona,497,https://instagram.fphl1-1.fna.fbcdn.net/vp/a706ac79c463d5d6202dce3c48ffb971/5C1B2496/t51.2885-15/e35/40361422_676137226088234_1278945100726009856_n.jpg
tornepages,"Girl lost in the void
.
.
.
âœ« words & art Â© k. torne
âœ© follow @tornepages & turned notifications ON âœ¬ the image without text is free to use as long as iâ€™m tagged as the artist
âœ­ #ktorne .
.
.
Image description: girl with only chest, face, and upper right arm viable as the rest of her fades into a black background.
.
.
.",BnXKEuPlkXP,Brooklyn,New York,494,https://instagram.fphl1-1.fna.fbcdn.net/vp/e193f63f49d90cbe890bd164ac8c24bd/5C1FA183/t51.2885-15/e35/37517869_2090194874631973_543626854452800106_n.jpg
rex_ttt,"Bread and roses baby! So glad I got to finish my @demsocialists comrade Jamesâ€™ only tat today at @black_iris_tattoo ğŸŒ¹NYC donâ€™t forget to vote tomorrow!
.
.
.
.
.
.
.
.
#scientificillustration #qttr  #tttism #tattooist #inked #inkstinctsubmission #inkspiration #lineworktattoo #minimalmood #l4l #nofilterneeded #inkstagram #tattoogirl #blackworkers #blackworktattoo #iblackwork #berkeley #bayareaink #oakland #dotworktattoo #tattrx #modernelectric #dotwork #tattoo #tatuadoresmexicanos #backpiece #rosetattoo #botanicaltattoo #rexttt #nyctattoo",Bnpe_y2gwsA,New York,New York,483,https://instagram.fphl1-1.fna.fbcdn.net/vp/5b899af84a743c6fea3da2bdc2a40060/5C396575/t51.2885-15/e35/40503543_2104699119548943_5511981792936749949_n.jpg?_nc_eui2=AeHiczfNgkCHsz5XpnZye0WEQLg9rzwRK2FWmc72VJXTT6UPMZB2_bWaLHORsnSDku-u0IxR_U0WPK7bgvsS9I6m
brunolevytattoo,"ğŸ
Done @bandit_studio 
Skull and peony healed 
#traditionaltattoo #snaketattoo #tttism #blackink #blkttt #blackworkers #blackwork #blackworkerssubmission #brooklyntattoo #parloiruk #skulltattoo #peonytattoo",BnTpeaMFjPm,Brooklyn,New York,482,https://instagram.fphl1-1.fna.fbcdn.net/vp/76760cc8a5d66bfb04eec73c377a93fe/5C316CB3/t51.2885-15/e35/39803834_660840210983153_7009617498744029184_n.jpg
inkaholik_birdroad,"ğŸ†ğŸ’‰TATTED AND PIERCEDğŸ’‰ğŸ† FOLLOW @MRCOLOMBIA @INKAHOLIK_BIRDROAD
8367 SW 40 ST
Miami, FL 33155
(305)392-0966 #Miami#NorthMiami#NorthMiamiBeach#NorthMiamiTattoos#NMB#305#Miami305#tattoo#tattoos#NorthMiamiBeachTattoos#Broward#BrowardCounty#MiamiBeachTattoos#Inkaholik#InkaholikTattoos#DadeCounty#Inkaholiks#SouthBeach#Wynwood#WynwoodTattoos#MiamiTattoos#Tattoos#SouthBeachTattoos#305Tattoos#Ink#BalHarbour#BalHarbourTattoos#blackworkerssubmission
Artist @dayroninkaholik",BnoYoJzBF8M,Miami,Florida,468,https://instagram.fphl1-1.fna.fbcdn.net/vp/8a9a1e7a2bdb8d49b64a1ecadf229957/5C2267A6/t51.2885-15/e35/40538731_1834709273302580_7665478123381943307_n.jpg
inigo.montoya,All things good.  #neotraditionaltattoo#inkedgirls#tatuajes#tatuaje#tattoo#blackwork#blackworktattoo#realismtattoo#inkedup#tatted#tattoosofinstagram#tattooist#neotrad#customtattoo#ladyface#tat#tattoosnob#chickswithtattoos#beardsandtattoos#girlswithtattoos#guyswithtattoos#neotraditional#blackandgrey#blackandgreytattoo#bnginksociety#inked#inkedgirls#ink#inkedlife#inkmaster#inkmasterseason11 @paramountnetwork,BnVBmFFgiS1,Lockport,New York,464,https://instagram.fphl1-1.fna.fbcdn.net/vp/78c63764801aa455a9d4c042c14cc2fd/5C2458E8/t51.2885-15/e35/39756322_2125001881049700_857653296259661824_n.jpg
cassie_rollz,"â€¢
ğŸ‡ºğŸ‡¸ Going to New York! ğŸ—½
I will be Guest Spotting at 
@fleurnoiretattoo in Brooklyn, NYC
For infos & appointments hit me up on DM ğŸ“©
or at my email cassrollztattoo@gmail.com
.
.
.
#blackwork #blackworkers #blackworkerssubmission #blckwrkrs #black #blxckink #blacktattoo #blkttt #onlyblackart #tattoo #radtattoos #tattoodo #tattooartist #tattooist #art #tattooflash #sketch #tattoosketch #girl #girltattoo #flashworkers #love #ink #inked #1930s #vintage #newyork #nyc",Bn07JodnkqJ,Brooklyn,New York,459,https://instagram.fphl1-1.fna.fbcdn.net/vp/6f947b02af9312319a9b7c4ce64b2cb6/5C1C9006/t51.2885-15/e35/40917792_933565353520967_1646517213769867455_n.jpg
skullytattoos,Progress on steph's pant leg.,BnqwSfQnJnB,Venice,California,453,https://instagram.fphl1-1.fna.fbcdn.net/vp/668ba43c2e4a8740265726fde5496403/5C200192/t51.2885-15/e35/41339813_887744781613553_2475746962074877712_n.jpg
blackveiltattoo,"In a Wonderland they lie, dreaming as the days go by, dreaming as the summers die . @mattwmurray .
#blackveiltattoo #blacktattooart #tattooistartmag #darkartists #blackworkerssubmission #inkedmagazine  #blacktattooing #blxckink #tattoodo #tattoosnob #skinartmag #blackwork  #salemma #blackworkers  #darkartistries #salem #btattooing #onlythedarkest #aliceinwonderland #blackworkartists #flashworkers #tattoosnob",Bnbp86rHYJ4,Prattville,Alabama,452,https://instagram.fphl1-1.fna.fbcdn.net/vp/1897be9e85ff8d88c25bec6d682e6082/5C293F15/t51.2885-15/e35/40596229_291297681456543_9003237132992497419_n.jpg
jchalarca,Bad hair day cat for Gabe!!! #TAM @tattooartistmagazine #tattooistartmagazine #tattooistartmag #tattoosnob @tattoosnob #americanatattoos #blackworkers #blackworkersubmission #blackwork #finelinetattoo,BZFSPpJhPSx,New York,New York,452,https://instagram.fphl1-1.fna.fbcdn.net/vp/2847145febcdefc144400c44e7c61de4/5C1C70D9/t51.2885-15/e35/21576897_1956946971219956_7868562201475284992_n.jpg
jchalarca,Bad hair day cat for Gabe!!! #TAM @tattooartistmagazine #tattooistartmagazine #tattooistartmag #tattoosnob @tattoosnob #americanatattoos #blackworkers #blackworkersubmission #blackwork #finelinetattoo,BZFSPpJhPSx,New York,New York,452,https://instagram.fphl1-1.fna.fbcdn.net/vp/2847145febcdefc144400c44e7c61de4/5C1C70D9/t51.2885-15/e35/21576897_1956946971219956_7868562201475284992_n.jpg
katytheladyy,This (space)ship in a bottle tattoo is a lot like that one friend whoâ€™s in a relationship they donâ€™t wanna be in....because it has SETTLED. One year healed on BethanyğŸ’•,BnTrijkAGDv,Orlando,Florida,450,https://instagram.fphl1-1.fna.fbcdn.net/vp/85c7ce77ca4b89e07043cc2489d8a6e8/5C23CE63/t51.2885-15/e35/39793004_233718573989505_5752117655058251776_n.jpg
jchalarca,Bad hair day cat for Gabe!!! #TAM @tattooartistmagazine #tattooistartmagazine #tattooistartmag #tattoosnob @tattoosnob #americanatattoos #blackworkers #blackworkersubmission #blackwork #finelinetattoo,BZFSPpJhPSx,New York,New York,450,https://instagram.fphl1-1.fna.fbcdn.net/vp/2847145febcdefc144400c44e7c61de4/5C1C70D9/t51.2885-15/e35/21576897_1956946971219956_7868562201475284992_n.jpg
baudnach,"A jester right by a healed piece on @j_buscar . The side faces will fade a bit with healing to let the center face get clearer.
@bandit_studio",Bnq5a5QFBZ0,Brooklyn,New York,449,https://instagram.fphl1-1.fna.fbcdn.net/vp/2b8059e1d2a175bc68fbe5cc9c5ae1a1/5C15B9D5/t51.2885-15/e35/40498495_251455895563202_8684375838575809787_n.jpg?_nc_eui2=AeEl9vSWtdRAIeq7oGOn7SlQKeoVYISpZVnOrmxGwxj3PF5jJ1SClBRm_g8tEv5qiZf9DI3tYwulKNeNis1rhPa4
mrdavidpoe,"It's colder than before
The seasons took all they had come for
Now winter dances here
It seems so fitting don't you think?
To dress the ground in white and grey// triceratops and fern #tattoo done at @moontattoostudio on @cinnamonlitost",BnrPThAh30I,Austin,Texas,448,https://instagram.fphl1-1.fna.fbcdn.net/vp/48409a9eaa9995a6357085cb84c78138/5C1C67FC/t51.2885-15/e35/40460647_277223746224608_2316484291266626290_n.jpg
secrettattooss,"Guys, how cool is this tattoo?? I loved the idea and was so excited to tattoo it, and SO happy with the finished product. A constant reminder that beautiful things can come from the darkest places. Thanks Nathan and thanks for looking!  #bluebonnettattoo #bluebonnet #floralpiece #floraltattoo #floraltattoos #hatching #linework #lineworktattoo #moontattoo #moontattoostudio #austintattooartist #austintattoos #onlythedarkest #blackline #blacklinetattoo #blackwork #blackworkers #blacktattooartist #blacktattoomag #blackworkartists #blackworkerssubmission #btattooing #atx #atxtattoos #atxtattoo #texastattoos #texastattooartist #austintattooshop #ladytattooers #femaletattooers @texas.tattoos",BnCkzxrBeal,Austin,Texas,446,https://instagram.fphl1-1.fna.fbcdn.net/vp/249b7a30334a9c780d9b0073fc6d7b9a/5C3B2A72/t51.2885-15/e35/39296782_252718898713916_5147605217214201856_n.jpg?_nc_eui2=AeGy4wJ-jRi5dVuWBInrhE2334nmVJjPFp0AT9lA5jNYzvocFDw3Z5qpDujP2ulhGJDxSwCjpUEZz2vaV5c-Hr7J
mister_french_,"Strong female lead role. Lady of lightning. Ecoline on stained paper. Looks so much better in person. My phone cam sucks. Lol. 
#tattoo #tattooflash #tattoos #art #inked #traditionaltattoo #tattooed #ink #blackwork #tattooist #tattooartist #tattooart #tattooer #tattoodesign #instatattoo #blackworkers #instaart #tattooflashsheet #flashworkers #flash #amazingink #drawing #design #traditional #tattooing #tattoolife #illustration #traditionalflash #blacktattoo #oldlines",BnrbO_MnZEn,Savannah,Georgia,446,https://instagram.fphl1-1.fna.fbcdn.net/vp/d7f2cd961d869991bfaa91a6d0bbe026/5C2E118D/t51.2885-15/e35/40376765_278228743014537_4426512898702342975_n.jpg
blackbearwhiskey,"When you think your flight departs a day earlier than it actually does, this is what happens. Thanks Rachel for keeping me busy on my surprise extra day! Made @tildeathdenver. -
-
-
-
#atl #atlanta #atlantatattoo #atlantatattooartist #atlantatattoos #404 #blackbearwhiskey #denverart #blackwork #blackclaw #blackworkerssubmission @blackclaw #dotwork #dotworktattoo #tattoo #tattoos #blacktattoo #tattoosnob @tattoosnob #tattoodo #skinartmag #skinart_traditional #dankubinrotary #blackandgray #blackandgreytattoo",BnZnQKtgqlY,Denver,Colorado,439,https://instagram.fphl1-1.fna.fbcdn.net/vp/e7bd502cf358d78f9bc96b295facdc48/5C17E5A3/t51.2885-15/e35/40104858_273955110107129_5502321649968862348_n.jpg
efimero.ep,disintegration / self love / rebirth / freedomğŸ”„,Blgv10xH7v4,San Diego,California,434,https://instagram.fphl1-1.fna.fbcdn.net/vp/327cf9a7ae1c93c54a2770a974ec6b5d/5C27FAE2/t51.2885-15/e35/36838554_493715537745437_619109528444600320_n.jpg
rex_ttt,"Canadian goose and juniper for @hen.wife  who is such a gem and an amazing tattooist! Thank you for your trust!!!!
.
.
.
.
.
.
#scientificillustration #qttr  #tttism #tattooist #inked #inkstinctsubmission #inkspiration #lineworktattoo #minimalmood #l4l #nofilterneeded #inkstagram #tattoogirl #blackworkers #blackworktattoo #iblackwork #berkeley #bayareaink #oakland #dotworktattoo #tattrx #modernelectric #dotwork #tattoo #tatuadoresmexicanos #nyctattoo #stomachtattoo #rexttt #canadiangoose",BnrXbfsHmJW,New York,New York,434,https://instagram.fphl1-1.fna.fbcdn.net/vp/7a81ea53a1be17fc04ed21f587a4b6cd/5C1FF0B5/t51.2885-15/e35/40402557_1818159018303880_4029930216680614003_n.jpg
fleurnoiretattoo,"By @cinarts â•â•â•â•â•â•â•â•â•â•â•â•â•â•â•â•â•â•â•â•â•â•â•â•â•â•â•â•â•â•â•â•â•â•â•â•â•â•â•â•â•â•â•â•â•â•â•â•â•â•â•
#blackworkerssubmission #tttism #tattooartistmagazine #blxckink #inkedmag #darkartists #blacktattooart #tattoodo #radtattoos #equilattera #tattoolife #tattoo2me #btattooing #skinartmag #inkjunkeyz #thebesttattooartists #tattooistartmagazine #TAOT #brooklyn #williamsburg #bushwick #madeinbrooklyn #nyctattoo #williamsburgtattoo #brooklyntattoo #onlyblackart #finelinetattoo #squaretattoo",BnY7t9rlBhC,Brooklyn,New York,426,https://instagram.fphl1-1.fna.fbcdn.net/vp/43d4899afc618cc166a3352f9bb2e26a/5C21820D/t51.2885-15/e35/40207253_221799962024537_41236038997918208_n.jpg
anniemesstattoos,"Tribute in a cone âœ¨
.
.
.
.
.
#tattoos #tattoo #austin #texas #austintattoo #goldenagetattoo #blxckink #blackworkers #blackwork #blackworkerssubmission #blackworkartists #btattooing #darkartists #blackwork #blacktattoo #blackworkers_tattoo #onlyblackart #512tattoo",BnPkJoGAwGP,Austin,Texas,421,https://instagram.fphl1-1.fna.fbcdn.net/vp/5812c89294dceaeb725334ec66379a5e/5C331082/t51.2885-15/e35/39971181_574418483014379_4095234514823938048_n.jpg
jchalarca,"Oldie but goodie! for appointments email me at info@josechalarcatattoos.com or call the shop at (212) 228-1358 for walk in availability .
.
.
.
.
.
.
.
.
.
.
.
.
.
.
.
.
.
.
.
.
.
.
.
.
.
.
#blackandgreytattoos #tattoos #gangster #blkttt #nyctattooartist #finelinetattoos #blackwork #blackworkers #TAM #blackworkerssubmission #tattooistartmagazine #where_they_tatt  @tattooartistmagazine #tattooistartmag #tattooistartmagazine #tattoodo",BmGcVyKhsqu,New York,New York,417,https://instagram.fphl1-1.fna.fbcdn.net/vp/32d5e03665e8912fd030c6bab9840ae4/5C319850/t51.2885-15/e35/38081222_609961689404627_1569235231523733504_n.jpg
jchalarca,"Oldie but goodie! for appointments email me at info@josechalarcatattoos.com or call the shop at (212) 228-1358 for walk in availability .
.
.
.
.
.
.
.
.
.
.
.
.
.
.
.
.
.
.
.
.
.
.
.
.
.
.
#blackandgreytattoos #tattoos #gangster #blkttt #nyctattooartist #finelinetattoos #blackwork #blackworkers #TAM #blackworkerssubmission #tattooistartmagazine #where_they_tatt  @tattooartistmagazine #tattooistartmag #tattooistartmagazine #tattoodo",BmGcVyKhsqu,New York,New York,417,https://instagram.fphl1-1.fna.fbcdn.net/vp/32d5e03665e8912fd030c6bab9840ae4/5C319850/t51.2885-15/e35/38081222_609961689404627_1569235231523733504_n.jpg
jchalarca,"Oldie but goodie! for appointments email me at info@josechalarcatattoos.com or call the shop at (212) 228-1358 for walk in availability .
.
.
.
.
.
.
.
.
.
.
.
.
.
.
.
.
.
.
.
.
.
.
.
.
.
.
#blackandgreytattoos #tattoos #gangster #blkttt #nyctattooartist #finelinetattoos #blackwork #blackworkers #TAM #blackworkerssubmission #tattooistartmagazine #where_they_tatt  @tattooartistmagazine #tattooistartmag #tattooistartmagazine #tattoodo",BmGcVyKhsqu,New York,New York,417,https://instagram.fphl1-1.fna.fbcdn.net/vp/32d5e03665e8912fd030c6bab9840ae4/5C319850/t51.2885-15/e35/38081222_609961689404627_1569235231523733504_n.jpg
jchalarca,"Felix the bandit â€” Healed and settled on @felixgitelman for appointments email me at info@josechalarcatattoos.com .
.
.
.
.
.
.
.
.
.
.
.
.
.
.
.
.
.
.
.
.
.
.
.
.
.
.
#blackandgreytattoos #tattoos #gangster #blkttt #nyctattooartist #finelinetattoos #blackwork #blackworkers #TAM #blackworkerssubmission #tattooistartmagazine #where_they_tatt #felixthecat #invisiblenyc #americanatattoos #traditionaltattoos #TAM @tattooartistmagazine #tattooistartmag #tattoosnob @tattoosnob #blackclaw #tattoodo",BmmHAwehZO7,New York,New York,416,https://instagram.fphl1-1.fna.fbcdn.net/vp/84204555f6f68b73656ab484224b8467/5C1C15EF/t51.2885-15/e35/39405404_279406425984490_3694815216329031680_n.jpg
jchalarca,"Felix the bandit â€” Healed and settled on @felixgitelman for appointments email me at info@josechalarcatattoos.com .
.
.
.
.
.
.
.
.
.
.
.
.
.
.
.
.
.
.
.
.
.
.
.
.
.
.
#blackandgreytattoos #tattoos #gangster #blkttt #nyctattooartist #finelinetattoos #blackwork #blackworkers #TAM #blackworkerssubmission #tattooistartmagazine #where_they_tatt #felixthecat #invisiblenyc #americanatattoos #traditionaltattoos #TAM @tattooartistmagazine #tattooistartmag #tattoosnob @tattoosnob #blackclaw #tattoodo",BmmHAwehZO7,New York,New York,416,https://instagram.fphl1-1.fna.fbcdn.net/vp/84204555f6f68b73656ab484224b8467/5C1C15EF/t51.2885-15/e35/39405404_279406425984490_3694815216329031680_n.jpg
efimero.ep,â€¢talismansâ€¢,BlpbA3RnajR,San Diego,California,415,https://instagram.fphl1-1.fna.fbcdn.net/vp/d4f4e7031f35f4425129a69f8201f989/5C35BE99/t51.2885-15/e35/37199831_180863069455097_6651637381986254848_n.jpg
shleydriscoll,"Flash mandala with a little floral smacked on top! Thank you so much to @jklmgirl , for making the 4 hour drive last minute to come fill my open space â™¥ Having such a blast in NY
Done @gritnglory
.
Tell me what you thinkğŸ‘‡ğŸ»!!!
.
.
.
.
#newyork #newyorkcity #newyorktattoo #tattoo #tattoos #tattooguestspot #travelingartist #illustration #minimalist #femaleartist #flash #dotworktattoo #tattoocollection #mandalatattoo #alldotmandala #dotwork #blackline #blackwork #blackworktattoo #blackworkers #blackworkerssubmission #floraltattoo #fineline #floral",BnZ17LRnh0O,New York,New York,415,https://instagram.fphl1-1.fna.fbcdn.net/vp/b0a1fa8235e1ecf1309b84270e43e29e/5C179695/t51.2885-15/e35/40121025_1053446818152688_3325011384560903093_n.jpg
brunolevytattoo,"Few pieces from my flash for Jared
Thank you!! Always such a pleasure to see you
#blkttt #blackworkers #blackink #blackwork #tttism #brooklyntattoo #traditionaltattoo #parloiruk",Bm_PwRtlJib,Brooklyn,New York,397,https://instagram.fphl1-1.fna.fbcdn.net/vp/0249aa51b2ac208d8b95d0e666ffc630/5C3ADFE2/t51.2885-15/e35/39097858_442743989568809_6491643570968068096_n.jpg?_nc_eui2=AeEYEH8b8TijSY41u8tVSQRYlL5fNcb94VEugWVJ0chze6YVevquhaahBCKvVIT6OCk0nweWKN8a3iu5miuKtEo4
dahliasfairytale,"Thank you @laufenwick ğŸ–¤âœ¨
Booking is open in PRAGUE and STOCKHOLM. âœ‰ï¸ dahliasfairytale@gmail.com or DM
#blackclawneedle #pirattattoomachines #stockholm #stockholmtattoo #blackrabbitprague #bw #blackandwhite #blackwork #blackworkerssubmission #blackworkers #praguetattoo #praguestagram #prague #blacktattoo #blacktattooart #illustration #blxckink #btattooing #tattoo #dnestetujem",BnOiB7LBvd5,Orlando,Florida,369,https://instagram.fphl1-1.fna.fbcdn.net/vp/483bf44b63a572d2f76a6234be9e80ad/5C172EAC/t51.2885-15/e35/40234695_153526048904943_3878374226668706655_n.jpg
adrian_flores_sa,"Forgot to show this to you or maybe i did post this sooner either way, imma show it to you. I love doing these pieces, they are super fun, super challenging and super rewarding. Thanks for looking! #spartan #spartanwarrior #spartantattoo #spartans #300 #warrior #spartanrace #leonidas #blackandgrey #blackandgreytattoo #blackandgreytattoos #blackworkerssubmission #blackwork #blackworktattoo #blackandgreytattoos #realistictattoo #realism #portrait #portraittattoo #portraittattoos #sanantoniotattooshop #sanantoniotattooartist #sanantoniotattooshops #sanantoniotattooartists @allstartattoosa @fusion_ink @stencilgreen @bishoprotary @texasinkedmagazine @texastattooartists @heliostattoo @sullenclothing @tattoos_of_instagram @tattoolife @tattoosnob @tattoo_artwork #blackworktattoo",BnCwXLnhWfd,San Antonio,Texas,368,https://instagram.fphl1-1.fna.fbcdn.net/vp/328ad42ed7a51bc15493ef0da774e184/5C1693FA/t51.2885-15/e35/40079374_1918383135129435_8818779614991089664_n.jpg
saili_ink,"Wip. Needs one more session. Thank you again Anna for choosing this badass lady;)
Done at @blkserum",Bnpm_RKl3iK,San Francisco,California,360,https://instagram.fphl1-1.fna.fbcdn.net/vp/0b99b4a810808101faed2a5a31a2c3bc/5C1DB730/t51.2885-15/e35/40925740_329851287584103_7280728934799316034_n.jpg
rex_ttt,"Canadian goose and juniper for @hen.wife  who is such a gem and an amazing tattooist! Thank you for your trust!!!!
.
.
.
.
.
.
#scientificillustration #qttr  #tttism #tattooist #inked #inkstinctsubmission #inkspiration #lineworktattoo #minimalmood #l4l #nofilterneeded #inkstagram #tattoogirl #blackworkers #blackworktattoo #iblackwork #berkeley #bayareaink #oakland #dotworktattoo #tattrx #modernelectric #dotwork #tattoo #tatuadoresmexicanos #nyctattoo #stomachtattoo #rexttt #canadiangoose",BnrXbfsHmJW,New York,New York,357,https://instagram.fphl1-1.fna.fbcdn.net/vp/7a81ea53a1be17fc04ed21f587a4b6cd/5C1FF0B5/t51.2885-15/e35/40402557_1818159018303880_4029930216680614003_n.jpg
efimero.ep,"Some healed, some fresh",BmKhiurHnEi,San Diego,California,356,https://instagram.fphl1-1.fna.fbcdn.net/vp/c493031012337e79d581f2e7af0ab5ce/5C1A194B/t51.2885-15/e35/38197995_1801342703290076_3694532976848142336_n.jpg
sudanim._,å THIS IS NOT A SWASTIKA å â¡ï¸â¡ï¸ SWIPE RIGHT! â¡ï¸â¡ï¸ Start as I mean to go on at @sacredtattoonyc .. full leg sleeve done on Ophelia who flew in from Arizona. The swastika being a marking for her tribe so she wanted a full leg done incorporating the sacred marking.,BnRmS-og9Ip,New York,New York,355,https://instagram.fphl1-1.fna.fbcdn.net/vp/1ff456bac7592a5c8ff532e940b023dd/5C25DBE3/t51.2885-15/e35/40029621_332911794117483_1533480930159624192_n.jpg
